theta,U,alpha_star,beta_lmi_min,rho_relax,n_feasible_alpha,status
0.1000,1.5000,0.460000,1.291339,0.460000,66,ok
0.1000,1.3000,0.490000,1.471003,0.490000,66,ok
0.1000,1.1000,0.520000,1.683570,0.520000,66,ok
0.1000,0.9000,0.550000,1.942651,0.550000,66,ok
0.1000,0.7000,0.600000,2.270341,0.600000,66,ok
0.1000,0.5000,0.650000,2.711688,0.650000,66,ok
0.1000,0.3000,0.710000,3.383329,0.710000,66,ok
0.1000,0.1000,0.820000,4.798327,0.820000,62,ok
0.3000,1.5000,0.650000,0.514464,0.650000,66,ok
0.3000,1.3000,0.670000,0.702744,0.670000,66,ok
0.3000,1.1000,0.690000,0.921832,0.690000,66,ok
0.3000,0.9000,0.710000,1.186105,0.710000,66,ok
0.3000,0.7000,0.740000,1.514154,0.740000,66,ok
0.3000,0.5000,0.780000,1.952055,0.780000,66,ok
0.3000,0.3000,0.820000,2.601102,0.820000,66,ok
0.3000,0.1000,0.890000,3.903457,0.890000,62,ok
0.5000,1.5000,0.710000,0.164453,0.710000,66,ok
0.5000,1.3000,0.730000,0.350816,0.730000,66,ok
0.5000,1.1000,0.750000,0.569056,0.750000,66,ok
0.5000,0.9000,0.770000,0.829361,0.770000,66,ok
0.5000,0.7000,0.790000,1.153424,0.790000,66,ok
0.5000,0.5000,0.820000,1.579451,0.820000,66,ok
0.5000,0.3000,0.860000,2.211325,0.860000,66,ok
0.5000,0.1000,0.910000,3.399098,0.910000,62,ok
0.7000,1.5000,0.750000,-0.069816,0.750000,66,ok
0.7000,1.3000,0.770000,0.117945,0.770000,66,ok
0.7000,1.1000,0.780000,0.331855,0.780000,66,ok
0.7000,0.9000,0.800000,0.588428,0.800000,66,ok
0.7000,0.7000,0.820000,0.906507,0.820000,66,ok
0.7000,0.5000,0.850000,1.330069,0.850000,66,ok
0.7000,0.3000,0.880000,1.933972,0.880000,66,ok
0.7000,0.1000,0.920000,3.027078,0.920000,62,ok
0.9000,1.5000,0.780000,-0.245170,0.780000,66,ok
0.9000,1.3000,0.790000,-0.062968,0.790000,66,ok
0.9000,1.1000,0.800000,0.153334,0.800000,66,ok
0.9000,0.9000,0.820000,0.403878,0.820000,66,ok
0.9000,0.7000,0.840000,0.716728,0.840000,66,ok
0.9000,0.5000,0.860000,1.125179,0.860000,66,ok
0.9000,0.3000,0.890000,1.706233,0.890000,66,ok
0.9000,0.1000,0.930000,2.697604,0.930000,61,ok
1.1000,1.5000,0.790000,-0.387064,0.790000,66,ok
1.1000,1.3000,0.810000,-0.206735,0.810000,66,ok
1.1000,1.1000,0.820000,0.002536,0.820000,66,ok
1.1000,0.9000,0.840000,0.257426,0.840000,66,ok
1.1000,0.7000,0.850000,0.563139,0.850000,66,ok
1.1000,0.5000,0.870000,0.964915,0.870000,66,ok
1.1000,0.3000,0.900000,1.516673,0.900000,66,ok
1.1000,0.1000,0.930000,2.500132,0.930000,61,ok
1.3000,1.5000,0.810000,-0.511917,0.810000,66,ok
1.3000,1.3000,0.820000,-0.331572,0.820000,66,ok
1.3000,1.1000,0.830000,-0.120525,0.830000,66,ok
1.3000,0.9000,0.850000,0.125865,0.850000,66,ok
1.3000,0.7000,0.860000,0.431296,0.860000,66,ok
1.3000,0.5000,0.880000,0.818622,0.880000,66,ok
1.3000,0.3000,0.910000,1.363796,0.910000,66,ok
1.3000,0.1000,0.940000,2.252254,0.939880,61,ok
1.5000,1.5000,0.820000,-0.617774,0.820000,66,ok
1.5000,1.3000,0.830000,-0.438559,0.830000,66,ok
1.5000,1.1000,0.840000,-0.229379,0.840000,66,ok
1.5000,0.9000,0.860000,0.014100,0.860000,66,ok
1.5000,0.7000,0.870000,0.309269,0.870000,66,ok
1.5000,0.5000,0.890000,0.684581,0.890000,66,ok
1.5000,0.3000,0.910000,1.201873,0.910000,66,ok
1.5000,0.1000,0.940000,1.997284,0.940000,61,ok
