bank_idx,seed,added,nx,nu,s,mu,beta_relax,beta_de,alpha_relax,alpha_de_max,rho_relax,rho_de,rho_lqr,K_relax_1,K_relax_2,K_de_1,K_de_2,t_relax,t_de,nIterDE,delta_beta,gap_pct,gap_pct_sym,vol_ratio,de_certified
48,20262251,29-Sep-2026 21:10:06,2,1,200,1.001,-3.84470306177043,-4.31341508004296,0.81,0.95,0.80904673095724,0.803739777490269,0.920275216348464,1.19258309545231,-3.10120460781561,6.43,-7.42,3.38261,1866.635102,30,0.468712018272523,10.8663787179011,11.4906896308761,0.625807778413691,1
49,20262252,29-Sep-2026 21:36:41,2,1,200,1.001,-4.97756906340323,-5.60801386202816,0.92,0.95,0.919346083966814,0.91949645807676,0.923983975564048,-0.790269311593292,-0.158980269074621,-2.51,0.340000000000003,3.13466,1460.928905,30,0.630444798624926,11.2418552117652,11.91138556035,0.532354957583882,1
50,20262253,29-Sep-2026 22:05:26,2,1,200,1.001,-7.86495205421378,-8.42457399496398,0.92,0.95,0.91551405856275,0.91552639973063,0.915493212755065,-0.269856847624762,1.17289474617236,-1.39,3.32,3.534035,1573.136824,30,0.559621940750197,6.64273280862304,6.87094196254897,0.571425055545231,1
51,20262254,29-Sep-2026 22:36:11,2,1,200,1.001,-0.394262306192464,-0.67251980284363,0.57,0.95,0.570000013751813,0.812866975503491,0.910606001368249,-14.600824415688,-55.9211223361715,1.38,-28.23,2.894604,1735.30184,30,0.278257496651167,41.3753610636601,52.1676341749317,0.757101845222805,1
52,20262255,29-Sep-2026 22:57:56,2,1,200,1.001,5.1222763097282,2.20082203335409,0.57,0.95,0.570000031790909,0.97291217881689,0.916502803802074,55.9595010792509,5.20367769696398,-2.47,-1.91,2.369173,1169.457562,30,2.92145427637411,132.743776284435,79.7873833046219,0.0538553098182203,1
53,20262256,29-Sep-2026 23:25:35,2,1,200,1.001,-4.17553445664874,-4.8585194005824,0.83,0.95,0.830000000190528,0.831117456783566,0.91389715752639,-2.35216076464959,-0.510829275685385,-8.28,-0.240000000000002,3.047442,1539.369828,30,0.682984943933657,14.0574707564569,15.1202318244088,0.505107023754501,1
54,20262257,29-Sep-2026 23:51:00,2,1,200,1.001,-1.03071119794893,-1.59017852386599,0.94,0.95,0.933142070722911,0.933120864648435,0.910830576333987,0.448108867488699,-1.80905382810533,1.5,-5.49,2.570318,1396.960398,30,0.559467325917058,35.1826739903958,42.6929312687747,0.571513413165369,1
55,20262258,30-Sep-2026 00:25:22,2,1,200,1.001,-3.41894255643416,-3.58663281074587,0.68,0.95,0.680000002699653,0.783689407883262,0.929990241841642,-4.34939854802909,29.5690327901188,0.780000000000001,28.08,2.938173,1950.630655,30,0.167690254311706,4.67542297079565,4.78733709319409,0.845615719946857,1
56,20262259,30-Sep-2026 00:54:14,2,1,200,1.001,-0.857751145527932,-0.981198804566222,0.9,0.95,0.900000000097187,0.8894004249593,0.928928304594756,-0.635567284271248,3.28771401333814,-0.460000000000001,5.66,3.100589,1589.197986,30,0.12344765903829,12.5813095637499,13.4258856105002,0.883867902529431,1
57,20262260,30-Sep-2026 01:21:28,2,1,200,1.001,-5.38278697374835,-5.89056595238321,0.9,0.95,0.89662525818326,0.89634727558368,0.914860464110283,-2.09972668918668,0.131345592530257,-5.64,-0.229999999999997,3.215791,1497.695152,30,0.507778978634859,8.62020700115277,9.00848188665159,0.601830774522711,1
58,20262261,30-Sep-2026 01:48:41,2,1,200,1.001,-7.10253468921985,-7.60886233239885,0.93,0.95,0.922542149631016,0.922324426507359,0.925912314502508,1.23944043124328,-1.46466599839439,3.05,-4.27,2.809745,1505.446748,30,0.506327643178995,6.65444610586567,6.88347465697191,0.602704867011486,1
59,20262262,30-Sep-2026 02:13:52,2,1,200,1.001,-3.13103199481197,-3.63826541465982,0.93,0.95,0.929815398887472,0.932916459655366,0.929517682097749,0.735943883948956,0.72037281854095,-0.25,-3.03,3.431988,1358.764115,30,0.507233419847852,13.9416277274339,14.9862943941214,0.6021591981691,1
60,20262263,30-Sep-2026 02:42:12,2,1,200,1.001,-3.85935836651298,-4.70124495703757,0.9,0.95,0.896459318458048,0.896406433264717,0.915247928605387,1.72822831156168,2.10717959935027,5.84,6.37,3.167962,1561.590483,30,0.841886590524586,17.9077371678818,19.6688611239603,0.430896830240487,1
61,20262264,30-Sep-2026 03:12:34,2,1,200,1.001,-3.69758462576626,-4.56767925377307,0.85,0.95,0.850000000029315,0.852180261821403,0.921258737203025,-2.81777868171208,-1.80278043489267,-12.58,-3.63,2.891379,1698.019739,30,0.870094628006804,19.048943230593,21.0542491960362,0.418911906573269,1
62,20262265,30-Sep-2026 03:40:07,2,1,200,1.001,-3.45426034482951,-4.02481443645051,0.89,0.95,0.882623516795892,0.882781413771238,0.891158656604484,1.84387600233677,0.875851124912273,4.33,2.72,3.116407,1516.817417,30,0.570554091621,14.1759104830724,15.2573441914559,0.565212172589569,1
63,20262266,30-Sep-2026 04:02:41,2,1,200,1.001,1.71331011904754,1.16117624717528,0.94,0.95,0.93999999874778,0.935999630398536,0.928503619465322,-0.332978047707799,-0.334788961424815,-0.519999999999996,-1.07,2.203746,1227.165097,30,0.552133871872266,47.5495320555694,38.4161759429029,0.575719986018871,1
64,20262267,30-Sep-2026 04:27:27,2,1,200,1.001,0.0286341276568415,-0.330322783145177,0.92,0.95,0.91223797743651,0.911540869487446,0.905845983504634,-0.16273112822137,2.53822268981128,-1.12,6.45,3.512423,1334.7632,30,0.358956910802018,108.668529425734,199.999994428301,0.698404444390602,1
65,20262268,30-Sep-2026 04:55:14,2,1,200,1.001,-3.48740404539043,-3.60016126138178,0.78,0.95,0.780000000389106,0.827345439496273,0.92826506371465,20.1145665915823,-12.2813001625873,24.03,-12.53,2.885998,1545.098854,30,0.11275721599135,3.13200459104081,3.18183215114839,0.893367529138707,1
66,20262269,30-Sep-2026 05:19:08,2,1,200,1.001,0.832086365487237,0.0970477588644663,0.94,0.95,0.938884363991308,0.939161087964896,0.921373774984576,0.872587415555557,-0.274848939242126,3.72,-1.65,2.51531,1303.298315,30,0.735038606622771,757.398846942258,158.220127632193,0.479486947245863,1
67,20262270,30-Sep-2026 05:45:49,2,1,200,1.001,-7.13930733032686,-7.94642569295534,0.93,0.95,0.926649295728851,0.926650394059731,0.926949122519741,-1.37768086230005,0.250472608687801,-5.18,0.840000000000003,3.49773,1450.480342,30,0.807118362628483,10.1569988044311,10.7004195400756,0.446141834640765,1
68,20262271,30-Sep-2026 06:12:58,2,1,200,1.001,3.47344977901289,-1.49063576711303,0.42,0.95,0.223158463343812,0.973849298794934,0.926626327960999,144.603570955991,-2.24292350782719,-0.859999999999999,8.18,2.972702,1480.336588,30,4.96408554612592,333.018008533369,199.999999597106,0.0069843346416203,1
69,20262272,30-Sep-2026 06:40:09,2,1,200,1.001,-2.2756364832834,-3.0056725815585,0.92,0.95,0.917912711701481,0.918260471651429,0.914698010957136,1.03595653464603,0.578129387150518,3.49,1.33,2.654881,1505.298296,30,0.730036098275102,24.2886102350032,27.6460282073893,0.481891594320885,1
70,20262273,30-Sep-2026 07:09:57,2,1,200,1.001,-7.306774924503,-7.79627719744414,0.9,0.95,0.89045858230882,0.890912275483014,0.917543290567783,1.38345852791544,3.20324339655156,4.44,7.24,3.340474,1643.757675,30,0.489502272941138,6.27866686296906,6.48216358739443,0.612931390814016,1
71,20262274,30-Sep-2026 07:38:34,2,1,200,1.001,-1.52986006873886,-1.7727699235275,0.9,0.95,0.890742530510642,0.885523855657493,0.924945128933874,-2.14711418122699,-1.47109085941367,-6.24,-2.51,3.043457,1575.957446,30,0.242909854788637,13.7022775242762,14.7100858783421,0.784342215279585,1
72,20262275,30-Sep-2026 08:10:11,2,1,200,1.001,-2.11859289691305,-2.30717944449992,0.74,0.95,0.740000000108543,0.66456168581535,0.920842736891783,-5.97973352050244,-6.20373952038354,-9.4,-8.89,2.740102,1802.467545,30,0.188586547586867,8.17390030222566,8.52219827920698,0.828128827785349,1
73,20262276,30-Sep-2026 08:36:49,2,1,200,1.001,2.48364467395655,-3.62218640584998,0.51,0.95,0.290362345016109,0.960180337397465,0.927949218982575,215.906818124609,175.89843892235,-1.39,-9.04,3.200627,1438.753073,30,6.10583107980653,168.567555494807,199.999999672444,0.00222982743523614,1
74,20262277,30-Sep-2026 08:56:48,2,1,200,1.001,3.20902143808126,-0.682751893293101,0.59,0.95,0.590000040228279,0.965826295381241,0.897490049278136,68.4684590631464,-112.875671964922,-2.42,8.04,2.952623,1055.411608,30,3.89177333137436,570.012821583439,199.999999486095,0.0204091217926372,1
75,20262278,30-Sep-2026 09:20:13,2,1,200,1.001,-4.12906289073844,-11.593564936857,0.9,0.95,0.899948784414378,0.906719191689592,0.89700172933776,4.2037617912226,-4.58093842675141,9.63,-7.34,3.177573,1274.223686,30,7.46450204611852,64.3848728736423,94.9523466843075,0.00057307036593028,1
76,20262279,30-Sep-2026 09:56:20,2,1,200,1.001,-3.36153169641588,-3.44806819677753,0.71,0.95,0.710000000074107,0.659421392939446,0.864529935799909,1.26987770730045,6.00219585685966,2.32,8.31,2.601407,2075.423953,30,0.0865365003616456,2.50970965256779,2.5416030777686,0.917102073616429,1
77,20262280,30-Sep-2026 10:26:54,2,1,200,1.001,-0.630736819933402,-1.12345590728957,0.82,0.95,0.817588141082346,0.80913797015336,0.929969171060044,1.87384744245259,5.25553855112038,2.2,12.74,2.936271,1719.484651,30,0.492719087356163,43.8574477341875,56.1761631890208,0.610962872157721,1
78,20262281,30-Sep-2026 10:55:26,2,1,200,1.001,-4.71362957408903,-5.41900955310574,0.92,0.95,0.918198402536095,0.918096432332087,0.910401117263757,1.38917899386896,-0.0118407878624534,5.23,0.140000000000001,2.78171,1582.449661,30,0.70537997901671,13.0167694318317,13.9229270768641,0.49392085903213,1
79,20262282,30-Sep-2026 11:19:22,2,1,200,1.001,2.89060550415794,-2.09203268428895,0.66,NaN,0.660000008830359,0.958981246195662,0.90949063466569,41.5004143573625,-48.1566148161646,-5.73,1.94,2.79919,1291.843702,30,4.98263818844689,238.172100553984,199.999999598606,0.0068559513859202,1
80,20262283,30-Sep-2026 11:45:51,2,1,200,1.001,-3.35820058181662,-3.93064008226315,0.94,0.95,0.932702402853026,0.932281728782209,0.921697292427549,-1.28426539024144,-1.16589077784323,-4.13,-3.05,2.813542,1454.926857,30,0.57243950044653,14.5635186246036,15.7072853158174,0.564147520538641,1
81,20262284,30-Sep-2026 12:13:57,2,1,200,1.001,-8.31281056479766,-9.10787164612275,0.88,0.95,0.879399054043545,0.87929436570411,0.921905595539646,-1.4833815303771,-0.0693640635964208,-5.1,0.649999999999999,3.225855,1557.149809,30,0.795061081325091,8.72938390236924,9.12778353043265,0.451553652584768,1
82,20262285,30-Sep-2026 12:39:31,2,1,200,1.001,-3.82161149790479,-4.2800489858591,0.92,0.95,0.910701666779512,0.912650001041884,0.928530885742904,-1.9317921707361,1.26938438811803,-4.93,4.46,3.08134,1397.025097,30,0.45843748795431,10.7110336696834,11.3171241452832,0.632270804830604,1
83,20262286,30-Sep-2026 13:08:28,2,1,200,1.001,-1.61509248997307,-2.12991961278877,0.92,0.95,0.912488441480168,0.912655848990915,0.920645083092559,-2.42262764442603,-1.14250707065898,-6.78,-2.42,3.154007,1587.377901,30,0.514827122815702,24.1711996886879,27.4940164311528,0.597603897767773,1
84,20262287,30-Sep-2026 13:34:13,2,1,200,1.001,-5.45480356786097,-5.79606860577944,0.9,0.95,0.895233575575718,0.894696786553735,0.914734841942274,0.787137182539688,-0.937815979316099,1.79,-1.82,3.094338,1416.345733,30,0.341265037918467,5.88787091957781,6.06646369007179,0.710870475605467,1
85,20262288,30-Sep-2026 14:02:26,2,1,200,1.001,2.0298815890344,1.86547808032889,0.8,0.95,0.800000000704396,0.884977468222806,0.924192355365307,27.4228535114111,-19.2438496207934,24.04,-10.79,2.999539,1556.352631,30,0.16440350870551,8.81294240008038,8.44099247504572,0.848399616172133,1
86,20262289,30-Sep-2026 14:28:27,2,1,200,1.001,-0.567177192833839,-1.14235739032202,0.87,0.95,0.863983259200094,0.865473562101601,0.898071812908184,0.585559388616019,-1.39223234394887,1.99,-3.21,2.438835,1442.784564,30,0.575180197488184,50.3502846273043,67.2908521174035,0.562603479938292,1
87,20262290,30-Sep-2026 14:54:33,2,1,200,1.001,1.3581709128262,1.34941945295484,0.87,0.95,0.870000000044292,0.862922870634044,0.914009072501231,-3.92481118051187,9.37280697365944,-4.71,10.93,3.171057,1428.064911,30,0.00875145987135895,0.648535179494839,0.646438984983796,0.991286722688018,1
88,20262291,30-Sep-2026 15:22:56,2,1,200,1.001,0.138995547623954,-0.220071515268037,0.87,0.95,0.870000000179181,0.860617817204013,0.914743844827629,2.16275821404258,1.12676718425239,4.35,4.59,2.831933,1571.805054,30,0.359067062891992,163.159263230711,199.99999443001,0.698327517918289,1
89,20262292,30-Sep-2026 15:52:45,2,1,200,1.001,-8.29994283962739,-8.3749463821638,0.82,0.95,0.820000000084063,0.779061890626544,0.920342809100525,-4.45179583068168,2.55852673828926,-5.92,3.3,2.685426,1680.442464,30,0.0750035425364111,0.895570420559907,0.89959868990811,0.927740199769294,1
90,20262293,30-Sep-2026 16:19:02,2,1,200,1.001,-5.35733738172233,-5.77728861434542,0.92,0.95,0.915322842593178,0.914509230293521,0.919955390818905,1.86174020310777,-1.1376485613421,4.29,-3.47,3.455676,1432.986992,30,0.419951232623085,7.26900213328993,7.54315829546919,0.657078863046296,1
91,20262294,30-Sep-2026 16:46:33,2,1,200,1.001,-1.44441090261442,-1.57830412716177,0.86,0.95,0.853197688056549,0.829200488491778,0.918617075935748,-0.802414166448916,2.94577941333272,-1.97,4.36,2.624711,1529.324816,30,0.13389322454735,8.48336022463096,8.85913642440237,0.874683454339142,1
92,20262295,30-Sep-2026 17:15:36,2,1,200,1.001,-4.49390153091709,-4.70410156138067,0.81,0.95,0.809360911079486,0.758585433989018,0.918220585073535,-5.30762290958363,-2.63302363840177,-9.85,-3.98,2.9834,1632.414868,30,0.21020003046358,4.46844158700277,4.57055793797396,0.810422120643237,1
93,20262296,30-Sep-2026 17:44:54,2,1,200,1.001,-5.17438244668841,-5.73143396171047,0.85,0.95,0.850000000190778,0.844718465767022,0.921657082502001,1.23066000518988,2.45276231070797,4.26,4.43,2.720664,1637.839534,30,0.557051515022062,9.71923464081609,10.2156774633081,0.572895750556102,1
94,20262297,30-Sep-2026 18:12:17,2,1,200,1.001,-4.19862458669683,-4.80029378750487,0.88,0.95,0.873946023542315,0.873630532825236,0.897204958385366,-1.59444478656256,-0.215508823265319,-4.28,-0.379999999999995,2.805209,1523.398285,30,0.601669200808041,12.5340078637308,13.3720337293939,0.547896323400463,1
95,20262298,30-Sep-2026 18:34:35,2,1,200,1.001,-7.17522981815252,-7.45121510958229,0.92,0.95,0.910109897915803,0.911353591537275,0.920489403312986,-0.0105936978827557,1.12749885292529,-0.289999999999999,2.57,3.133214,1203.146728,30,0.275985291429771,3.70389644334457,3.77378498472662,0.758824091896606,1
96,20262299,30-Sep-2026 19:00:34,2,1,200,1.001,-5.52736728978798,-6.48221108058769,0.91,0.95,0.907695890302828,0.907708751718817,0.907104358659925,1.31950337803858,-1.35284637174823,4.29,-5.26,3.346789,1411.9187,30,0.954843790799712,14.7302174972239,15.9013707318815,0.384872260445546,1
97,20262300,30-Sep-2026 19:29:57,2,1,200,1.001,-3.4626900821902,-4.65140714382005,0.92,0.95,0.919692647583714,0.919694653028913,0.912047194572531,0.779461765438782,-0.921769291416354,6.5,-6.14,3.191802,1609.726672,30,1.18871706162985,25.5560742131379,29.300044775267,0.304611811670076,1
98,20262301,02-Oct-2026 00:28:19,2,1,200,1.001,5.1644846572384,4.57771034956307,0.78,0.92,0.780000003258216,0.960893714810422,0.927342115730405,16.9843895471722,-2.28432662536697,-11.36,17.48,3.826253,1455.867359,30,0.586774307675322,12.8180741652064,12.0460390428105,0.556118261018522,1
99,20262302,02-Oct-2026 00:55:50,2,1,200,1.001,-3.22446137326498,-3.59291822162772,0.9,0.95,0.893971372954767,0.894089982326559,0.924645523798191,2.08403456615753,0.198650129719991,4.51,0.329999999999998,2.970819,1520.45593,30,0.368456848362739,10.2550858559707,10.8093393566732,0.691801061302491,1
100,20262303,02-Oct-2026 01:25:29,2,1,200,1.001,-6.13594704969269,-6.76510723505898,0.93,0.95,0.923151922896545,0.923143833915889,0.927860776681136,2.32126579469491,2.04329984248989,6.22,5.35,3.441059,1630.397215,30,0.629160185366288,9.30007704986222,9.75362433165233,0.533039267263233,1
101,20262304,02-Oct-2026 01:56:09,2,1,200,1.001,-9.07350006054053,-9.94302170593616,0.88,0.95,0.878508586439703,0.878308988455447,0.92201647068113,2.10020869844803,0.949805382908349,9.37,1.18,3.599536,1705.11878,30,0.869521645395631,8.74504422409649,9.14490731392555,0.419152004590775,1
102,20262305,02-Oct-2026 02:21:49,2,1,200,1.001,-2.0016794271121,-2.6225376967636,0.92,0.95,0.917312433701775,0.917190479257199,0.914129472871217,1.58351593417191,0.338234080569066,5.04,2.1,2.998148,1401.117359,30,0.620858269651496,23.6739502512273,26.852470447517,0.537482934285168,1
103,20262306,02-Oct-2026 02:47:33,2,1,200,1.001,5.66291072682757,-0.626523737338337,0.42,0.95,0.298560486061334,0.968578584380521,0.91108440784848,9.31277346265512,-78.1312712468551,-8.97,-0.339999999999996,2.792194,1401.111511,30,6.2894344641659,1003.86211875792,199.999999682006,0.00185580917672968,1
104,20262307,02-Oct-2026 03:20:52,2,1,200,1.001,-0.7581356785115,-0.843947408156121,0.74,0.95,0.740000000565285,0.773334411804679,0.911092250091726,17.1979116479932,14.329151804432,17.64,11.19,2.79463,1886.966914,30,0.0858117296446217,10.1679001339794,10.7125191974265,0.917767003275574,1
105,20262308,02-Oct-2026 03:48:12,2,1,200,1.001,-3.86583075478821,-4.54811946334946,0.9,0.95,0.894757100975918,0.894489192135802,0.913984185979147,1.95661858343664,1.84411673625959,6.67,4.9,2.993647,1506.861021,30,0.682288708561255,15.0015564467778,16.2180352880997,0.505458819583427,1
106,20262309,02-Oct-2026 04:16:03,2,1,200,1.001,-4.26779828534415,-4.95983816138634,0.88,0.95,0.87783834357348,0.878817661785272,0.924382846939797,1.28834138474835,0.848747048026148,2.96,3.45,2.791916,1543.480212,30,0.692039876042187,13.9528721205039,14.9992878303614,0.500553958902875,1
107,20262310,02-Oct-2026 04:46:35,2,1,200,1.001,-4.09968584086609,-4.9496434410039,0.92,0.95,0.918852567118825,0.918836335863663,0.9210849625846,-0.169149158124142,-1.82151528045313,0.410000000000004,-8.36,3.413296,1679.070961,30,0.849957600137808,17.1720975514434,18.7849855547067,0.427433054667138,1
108,20262311,02-Oct-2026 05:14:38,2,1,200,1.001,-4.27096927480426,-4.85432814872564,0.92,0.95,0.91849671862389,0.918465943623866,0.921527362821609,0.973637218789649,-0.15996342077395,2.65,0.0700000000000003,3.295013,1540.263561,30,0.583358873921371,12.0172937644217,12.7855311713541,0.558020893406286,1
109,20262312,02-Oct-2026 05:41:49,2,1,200,1.001,1.46318169960992,1.42696011166507,0.88,0.95,0.880000000066953,0.880040156830499,0.929915424292516,8.214250681581,-1.17914356469036,10.76,-2.1,3.113444,1489.396914,30,0.0362215879448571,2.53837424387367,2.506561282095,0.964426564503721,1
110,20262313,02-Oct-2026 06:09:44,2,1,200,1.001,-3.77174984379386,-4.32133047118841,0.86,0.95,0.852100381283506,0.856175642877313,0.887949094191344,1.53648289071403,-0.298387970305962,3.94,0.18,2.647454,1557.946269,30,0.549580627394548,12.7178569437993,13.5814944452748,0.577191818067831,1
111,20262314,02-Oct-2026 06:39:37,2,1,200,1.001,-4.52920786139569,-5.32107256729374,0.89,0.95,0.8891610133364,0.889506740884078,0.923466438772283,1.31084198287173,-0.10015740703987,4.92,1.28,3.132619,1655.214756,30,0.791864705898051,14.8816746226182,16.0780134297051,0.452999296763822,1
112,20262315,02-Oct-2026 07:20:45,2,1,200,1.001,3.08342899120909,2.92959992119934,0.41,0.95,0.398701714598548,0.491166646659001,0.889930149449341,-53.8181250771872,5.92103425344377,-41.8,6.76,2.472026,2402.557026,26,0.15382907000975,5.25085588979586,5.11652519868926,0.857418567033848,1
113,20262316,02-Oct-2026 07:51:42,2,1,200,1.001,-2.85957493311943,-3.09240117332744,0.7,0.95,0.70000000428618,0.837800862134511,0.929122653784976,-37.6234261340552,3.09738431314628,-28,9.61,2.741914,1738.76396,30,0.232826240208007,7.52897917049634,7.82349376586533,0.792291229923703,1
114,20262317,02-Oct-2026 08:19:01,2,1,200,1.001,-3.60265961130472,-4.01803103338786,0.93,0.95,0.922140232581625,0.92162749035446,0.905125840963012,1.06033318811147,-1.77708069277929,2.47,-3.63,2.642107,1507.340853,30,0.415371422083135,10.3376857627928,10.9011490140297,0.660095061285118,1
115,20262318,02-Oct-2026 08:46:07,2,1,200,1.001,-3.87470896004298,-4.43675661713132,0.93,0.95,0.924742665722361,0.924465062865651,0.922899306226715,0.176487891396533,3.64554210337181,1.38,10.9,3.383892,1477.309491,30,0.562047657088333,12.6679848725112,13.5246341621301,0.570040620254473,1
116,20262319,02-Oct-2026 09:12:52,2,1,200,1.001,0.687383589283863,-0.109654379816172,0.95,0.95,0.947105060370145,0.947012326211762,0.924454600089,2.94926546349916,1.80835977865218,13.97,8.08,2.996261,1451.719481,30,0.797037969100035,726.863779117818,199.999997490709,0.450661863463181,1
117,20262320,02-Oct-2026 09:43:46,2,1,200,1.001,-5.97077002407651,-11.0630604131098,0.93,0.95,0.929991734330517,0.932782171061222,0.928129925475014,-8.29096012755689,5.20696484318135,-7.8,6.94,3.525713,1708.288635,30,5.09229038903331,46.0296717081912,59.7903143960724,0.00614393176575056,1
118,20262321,02-Oct-2026 10:07:39,2,1,200,1.001,1.73363523769995,1.72426347003227,0.88,0.95,0.880000000076312,0.884322643399461,0.912919026045685,0.484550164982214,4.00657981484994,0.689999999999998,4.46,2.942262,1299.981088,30,0.00937176766767278,0.543522949395742,0.542049865116872,0.990672010480651,1
119,20262322,02-Oct-2026 10:39:32,2,1,200,1.001,-13.3814187682851,-14.4441617810203,0.92,0.95,0.919681856930353,0.919666875214487,0.926565550626389,1.19872107440699,0.290276496976048,6.95,7.15,3.656488,1757.450264,30,1.06274301273527,7.3575956074635,7.63860441632275,0.345506779826543,1
120,20262323,02-Oct-2026 11:05:40,2,1,200,1.001,-3.68997663704385,-4.09977069017885,0.9,0.95,0.896061529964377,0.896062300520305,0.902470910820724,1.33859333310724,0.248781310060711,3.75,0.82,3.315857,1425.432831,30,0.409794053135007,9.99553594830762,10.5213695745134,0.663786940899821,1
121,20262324,02-Oct-2026 11:33:02,2,1,200,1.001,-2.63213894771703,-3.13568455428516,0.93,0.95,0.924474860039384,0.923590079659476,0.892079184771326,0.915227576804902,-2.45392592252344,2.24,-7.78,3.231259,1502.759248,30,0.503545606568133,16.0585542917574,17.4605067412452,0.604383948567268,1
122,20262325,02-Oct-2026 11:59:51,2,1,200,1.001,-2.27179070646798,-3.40900786928338,0.9,0.95,0.899999999635279,0.90021704129319,0.911022232248719,-0.493236780711928,0.192144421700469,-2.04,3.09,2.739756,1485.413813,30,1.1372171628154,33.3591826836839,40.0372287680744,0.320710265600564,1
123,20262326,02-Oct-2026 12:37:23,2,1,200,1.001,-15.2064537060878,-15.5336180296973,0.79,0.95,0.790000000189536,0.785591020403897,0.920515953218895,-3.00596321895959,-2.10666268007339,-6.27,-3.34,3.268584,2140.42688,30,0.327164323609562,2.10616948983866,2.12858529619028,0.720965261678064,1
124,20262327,02-Oct-2026 13:03:22,2,1,200,1.001,-1.58470131076767,-2.15271682985991,0.92,0.95,0.91069971889587,0.910923841248152,0.916040326826121,-0.00296021891064902,2.92447531817986,-0.25,8.6,2.757692,1422.071439,30,0.568015519092243,26.385984037167,30.3961449428324,0.566648827438565,1
125,20262328,02-Oct-2026 13:27:32,2,1,200,1.001,-0.215548710672692,-2.7872700999837,0.95,0.92,0.949950613560688,0.955486904642822,0.927639249201864,-4.73835628945218,1.04648431856186,-5.15,0.0799999999999983,2.921521,1302.103823,30,2.57172138931101,92.2666730190966,171.287150035169,0.0764039112834126,1
126,20262329,02-Oct-2026 13:55:45,2,1,200,1.001,-6.05552885347216,-6.67667210038286,0.92,0.95,0.91070192602261,0.910707041637988,0.908055283613845,-1.53975178820747,-2.1233439971179,-4.67,-6.69,3.558886,1545.796242,30,0.621143246910699,9.30318634151707,9.75704434251454,0.537329785694656,1
127,20262330,02-Oct-2026 14:20:01,2,1,200,1.001,4.28988823071983,3.48511270846061,0.5,NaN,0.500000033863081,0.993166704401,0.928820977963492,-107.483197817059,72.1737764419363,3.69,-19.59,2.712719,1315.959755,30,0.804775522259215,23.091807628072,20.7016186240864,0.447188299112323,1
128,20262331,02-Oct-2026 14:48:02,2,1,200,1.001,-1.14266367465444,-3.08472382253119,0.95,NaN,0.949944168097474,0.953138197733474,0.929347308055177,0.116458314493908,7.53537638035343,-0.25,8.61,3.268099,1525.509785,30,1.94206014787675,62.9573426862953,91.879920853041,0.143408203136197,1
129,20262332,02-Oct-2026 15:14:35,2,1,200,1.001,-3.82404066314367,-4.75315546138863,0.94,0.95,0.937875253722411,0.938069341611843,0.911056808794782,-0.894988713207624,1.31567878810986,-4.19,4.37,2.917198,1449.803069,30,0.929114798244963,19.5473261035212,21.6647674524847,0.394903124636723,1
130,20262333,02-Oct-2026 15:38:10,2,1,200,1.001,-3.45291131644811,-4.20588477314263,0.86,0.95,0.860000000029564,0.85571255926828,0.929254165566649,-2.93387681350018,-0.581743221820545,-8.9,-3.82,2.949492,1291.88133,30,0.752973456694529,17.9028551020409,19.66297174917,0.470964077385688,1
131,20262334,02-Oct-2026 16:05:39,2,1,200,1.001,-0.901727630126093,-1.23864699032652,0.83,0.95,0.826557578707072,0.803359131607431,0.8896524765965,-1.9059450971531,-0.921462088554724,-3.01,-2.22,2.316799,1542.704531,30,0.336919360200424,27.2005957170743,31.4822793549163,0.713966411689743,1
132,20262335,02-Oct-2026 16:28:52,2,1,200,1.001,1.06228652277768,0.902481793340888,0.94,0.95,0.933317271813985,0.932723220168771,0.92910831844062,-0.00471301061589241,0.357756944494479,-0.119999999999997,0.530000000000001,2.602072,1262.013873,30,0.159804729436796,17.7072524471897,16.2670302968995,0.852310203811245,1
133,20262336,02-Oct-2026 16:58:33,2,1,200,1.001,-6.53847644321093,-7.66642612309133,0.89,0.95,0.890000000085686,0.889969395075074,0.917962195407541,1.20286763747583,0.884883115521693,8.14,-0.170000000000002,3.22504,1640.41297,30,1.1279496798804,14.7128487481672,15.8811322192683,0.323696257457114,1
134,20262337,02-Oct-2026 17:38:10,2,1,200,1.001,-2.41227609024648,-2.48643461665534,0.72,0.95,0.720000000509138,0.637474668213492,0.911242301020881,-13.1644090906217,-6.23858759681175,-16.6,-7.65,2.598606,2289.333968,30,0.0741585264088696,2.98252469267118,3.02767526782112,0.928524486521076,1
135,20262338,02-Oct-2026 18:14:17,2,1,200,1.001,-2.23254534131495,-2.3031669264148,0.79,0.95,0.79000000022927,0.767630799827515,0.912570883464917,1.80671109539216,-24.426932898184,0.730000000000004,-25.89,2.831147,2052.643839,30,0.0706215850998531,3.06628166156351,3.11402402866705,0.931814437886569,1
136,20262339,02-Oct-2026 18:42:43,2,1,200,1.001,-5.22832020450335,-5.60056714325443,0.94,0.95,0.933092906602092,0.933138641215982,0.927395192478138,0.928900619917819,1.1823776693609,1.63,2.49,3.258619,1556.692283,30,0.372246938751072,6.6465936257799,6.87507269127508,0.689184035264776,1
137,20262340,02-Oct-2026 19:09:02,2,1,200,1.001,-1.132133445997,-1.84692033930564,0.91,0.95,0.903311098563681,0.903195438855273,0.916259108092108,-1.6096390868147,1.79401619527664,-4.03,5.74,2.909976,1439.921105,30,0.714786893308637,38.7015551291922,47.9875116344464,0.489296373017705,1
138,20262341,02-Oct-2026 19:36:37,2,1,200,1.001,-1.99877771941014,-2.575528617567,0.93,0.95,0.928003054333308,0.927935139718817,0.925728737526441,0.28722648555219,0.765925194710386,0.520000000000003,2.71,2.962842,1513.649219,30,0.576750898156864,22.3934960078874,25.2169773691699,0.561720491912627,1
139,20262342,02-Oct-2026 20:02:00,2,1,200,1.001,-6.16692072513686,-6.82618589375895,0.87,0.95,0.867968163830538,0.867883600352422,0.895738912231824,1.2038963133429,-0.0280036795068508,3.92,-0.369999999999997,2.944898,1404.574667,30,0.659265168622087,9.65788478196647,10.1479220859456,0.517231272648143,1
140,20262343,02-Oct-2026 20:27:36,2,1,200,1.001,-2.07211821735669,-6.78161340798112,0.48,0.95,0.351804884584523,0.97122356063423,0.928885703736533,-192.296850413778,-45.0116442937573,4.99,-7.88,3.145208,1386.163249,30,4.70949519062443,69.4450554359518,106.384412462367,0.00900932442613321,1
141,20262344,02-Oct-2026 20:53:12,2,1,200,1.001,-0.689706378741956,-0.728957954281066,0.82,0.95,0.820000000084444,0.798749200715271,0.905618231379237,-0.86931531487209,3.82248660541884,-1.41,4.96,2.443491,1426.737146,30,0.0392515755391096,5.38461447722612,5.53359584064385,0.961508786625394,1
142,20262345,02-Oct-2026 21:21:41,2,1,200,1.001,-8.4817593951528,-8.9930314629699,0.93,0.95,0.92055603094213,0.920555851352038,0.926968777485201,2.03200559465161,1.85925160914842,3.87,4.5,3.971036,1555.015058,30,0.511272067817096,5.68520270302992,5.85153861554649,0.599732193354127,1
143,20262346,02-Oct-2026 21:50:39,2,1,200,1.001,-5.98662118117907,-6.64041819318314,0.89,0.95,0.884498486384268,0.884560086677755,0.919926179336366,-2.96968256167239,-0.0371676838310631,-8.66,-0.350000000000001,3.152557,1596.530927,30,0.653797012004071,9.84572044988431,10.3555076071713,0.520067321166799,1
144,20262347,02-Oct-2026 22:19:36,2,1,200,1.001,-2.59892435054994,-3.32558677051711,0.89,0.95,0.886089207178804,0.8859938694416,0.898474626216451,0.641327320953629,1.56538169344367,1.59,5.13,2.828246,1605.514807,30,0.72666241996717,21.8506528354447,24.5307132990834,0.483520087000048,1
145,20262348,02-Oct-2026 22:50:35,2,1,200,1.001,0.792986995161201,0.585372693651395,0.74,0.95,0.740000000757445,0.852485239243143,0.921745154154198,3.64708515591047,12.9244998417272,-1.56,14.94,2.32985,1740.281548,30,0.207614301509806,35.4670287427936,30.1248363092243,0.812520364160802,1
146,20262349,02-Oct-2026 23:20:15,2,1,200,1.001,-3.63381951195008,-4.275706269549,0.92,0.95,0.917311842170101,0.917354002316331,0.928349644105526,-1.44687845151498,-0.791935942070921,-5.28,-2.69,2.9959,1635.258417,30,0.641886757598917,15.0124147247988,16.2307267090221,0.52629848900723,1
147,20262350,02-Oct-2026 23:48:26,2,1,200,1.001,-1.41385343570633,-9.02263756618218,0.91,0.95,0.909950150670187,0.91688328252614,0.911344962249838,-7.54756008480487,-3.47831319710077,-8.68,-9.2,3.286975,1557.133132,30,7.60878413047585,84.3299320699126,145.811156677248,0.000496074653996296,1
